Name,Value,Decision
SMA_20,12300.0,Sell
SMA_50,12264.0,Buy
EMA_20,12296.330298593422,Buy
EMA_50,12248.398654297493,Buy
