Name,Value,Decision
SMA_20,1.25,Sell
SMA_50,6001.125,Sell
EMA_20,665.2773727113816,Sell
EMA_50,9916.596129604706,Sell
