Name,Value,Decision
SMA_20,30800.0,Sell
SMA_50,30800.0,Sell
EMA_20,30795.59117646295,Buy
EMA_50,30699.97719716243,Buy
EMA_200,29171.45255143734,Buy
