Name,Value,Decision
SMA_20,1.538,Sell
SMA_50,1.6014,Sell
EMA_20,5.6628634652636665,Sell
EMA_50,1392.7254327485991,Sell
EMA_200,25155.24559463742,Sell
