Name,Value,Decision
SMA_20,5.05,Sell
SMA_50,5.05,Sell
EMA_20,5.049999990842279,Buy
EMA_50,5.049898595211668,Buy
EMA_200,5.033529390119021,Buy
