Name,Value,Decision
SMA_20,9.5091,Buy
SMA_50,8.60824,Buy
EMA_20,9.523966027032278,Buy
EMA_50,8.916932669708489,Buy
