Name,Value,Decision
SMA_20,4.9086,Buy
SMA_50,4.056,Buy
EMA_20,4.825863021763454,Buy
EMA_50,4.445042782735509,Buy
