Name,Value,Decision
SMA_20,5.05,Sell
SMA_50,5.023,Buy
EMA_20,5.044223761765264,Buy
EMA_50,4.97975231990407,Buy
EMA_200,4.459944150088194,Buy
