Name,Value,Decision
SMA_20,1.6965,Sell
SMA_50,36023.7899,Sell
EMA_20,6724.52683199486,Sell
EMA_50,26460.117109265302,Sell
