Name,Value,Decision
SMA_20,12300.0,Sell
SMA_50,12300.0,Sell
EMA_20,12299.999999999975,Buy
EMA_50,12299.998430982803,Buy
EMA_200,12285.649418349036,Buy
