Name,Value,Decision
SMA_20,10.012,Sell
SMA_50,10.012,Sell
EMA_20,10.009385343798797,Buy
EMA_50,9.923828735999237,Buy
EMA_200,9.225313156781876,Buy
