Name,Value,Decision
SMA_20,30320.0,Buy
SMA_50,27520.0,Buy
EMA_20,30162.723874826457,Buy
EMA_50,26177.675041779115,Buy
