Name,Value,Decision
SMA_20,1.25,Sell
SMA_50,1.25,Sell
EMA_20,1.2500000022245537,Sell
EMA_50,1.506771321968693,Sell
EMA_200,2731.2400876299835,Sell
