Name,Value,Decision
SMA_20,1.538,Sell
SMA_50,1.538,Sell
EMA_20,1.538000000000237,Sell
EMA_50,1.538004644864055,Sell
EMA_200,82.39641100495314,Sell
