Name,Value,Decision
SMA_20,37.336,Sell
SMA_50,37.336,Sell
EMA_20,37.33488109109087,Buy
EMA_50,37.30165971836237,Buy
EMA_200,37.58419938240496,Sell
