Name,Value,Decision
SMA_20,37.1512,Buy
SMA_50,37.320479999999996,Buy
EMA_20,37.29590567016287,Buy
EMA_50,38.93227288563104,Sell
