Name,Value,Decision
RSI,1.2243858583360492,Buy
Stochastic,0.0,Buy
MACD,-9961.493021167593,Sell
Bollinger High,2.0134858507515783,Hold
Bollinger Low,1.3795141492484215,Hold
