Name,Value,Decision
RSI,93.98265603301316,Sell
Stochastic,100.0,Sell
MACD,0.449078068787216,Buy
Bollinger High,10.514259867881707,Hold
Bollinger Low,8.503940132118293,Hold
