Name,Value,Decision
RSI,33.37495942879157,Hold
Stochastic,100.0,Sell
MACD,-0.20235507450067303,Sell
Bollinger High,37.48551577886807,Hold
Bollinger Low,36.816884221131936,Hold
