Name,Value,Decision
RSI,95.8148810134301,Sell
Stochastic,100.0,Sell
MACD,0.26671667433315527,Buy
Bollinger High,5.270970197450084,Hold
Bollinger Low,4.546229802549916,Hold
