Name,Value,Decision
RSI,76.30875217273694,Sell
Stochastic,100.0,Sell
MACD,988.3903763766575,Buy
Bollinger High,31103.836717690567,Hold
Bollinger Low,29536.163282309433,Hold
